{"train_loss": [0.37108965317770387, 0.1468263365650282, 0.09762457474752703, 0.07441537288742074, 0.06233659252131674, 0.041800134552437154, 0.0344644374254748], "train_accuracy": [0.8463583200425305, 0.9455456823877877, 0.9652920179235969, 0.9733424470266575, 0.9774436090225563, 0.9842029315713526, 0.986709197235513], "val_loss": [0.25711719203875316, 0.13342464304263674, 0.12086593267022137, 0.10942418944225561, 0.09326230305019748, 0.1462818433467607, 0.09567031042901156], "val_accuracy": [0.8940533151059467, 0.9460013670539986, 0.950786056049214, 0.9603554340396445, 0.9658236500341764, 0.9521531100478469, 0.9685577580314423]}