{"train_loss": [0.0657785380417029, 0.026883397214461164, 0.014710997987212376, 0.013573780696336489, 0.015450845887342022, 0.01030549674336216, 0.0070314487826388765], "train_accuracy": [0.9802536644641908, 0.9908103592314118, 0.9947596263385737, 0.9965064175590491, 0.9952912584491532, 0.9967342598921546, 0.9977975241133136], "val_loss": [0.016488809674759113, 0.01797466696623868, 0.028640010593784782, 0.014406724027116093, 0.011898170929145569, 0.019088350312248946, 0.016172671169887253], "val_accuracy": [0.9972658920027341, 0.9965823650034177, 0.9897470950102529, 0.9945317840054683, 0.9986329460013671, 0.9931647300068353, 0.9952153110047847]}