{"train_loss": [0.06561892784815337, 0.02568256555066251, 0.017195054923939877, 0.013270024750740485, 0.012839069546262044, 0.008661407694690966, 0.008180793565401044], "train_accuracy": [0.9797979797979798, 0.9921014657856763, 0.9949874686716792, 0.9956709956709957, 0.9958228905597326, 0.9974177868914711, 0.9975696817802081], "val_loss": [0.01960244323639422, 0.018186351421449247, 0.01325735130727034, 0.011616826503918272, 0.013276737407887493, 0.014654329076844764, 0.03911754839448226], "val_accuracy": [0.9945317840054683, 0.9945317840054683, 0.9979494190020506, 0.9979494190020506, 0.9986329460013671, 0.9958988380041012, 0.9904306220095693]}