{"train_loss": [0.7014033645425415, 0.32633832718812317, 0.21365052215930966, 0.14727255805725364, 0.11281773602977432, 0.08170745763176529, 0.06611311551076798], "train_accuracy": [0.6753246753246753, 0.87316776790461, 0.9223817118553961, 0.9456975772765246, 0.9598238019290651, 0.9711399711399712, 0.9760765550239234], "val_loss": [0.4210125979950228, 0.2288404982626153, 0.22703340409230632, 0.1717790368682134, 0.34587959526584156, 0.16694283684026845, 0.15181526933336453], "val_accuracy": [0.8359535201640464, 0.9104579630895421, 0.9179767600820232, 0.9371155160628845, 0.8851674641148325, 0.9412166780587833, 0.9405331510594669]}