{"train_loss": [0.7447577534978931, 0.36740923024730404, 0.2369013346124503, 0.16709708961948674, 0.1226813178677815, 0.08832942733462336, 0.07206581684207558], "train_accuracy": [0.6559580770107086, 0.8548644338118022, 0.910609857978279, 0.9353687248424091, 0.9549631654894812, 0.9690134426976532, 0.9730386572491836], "val_loss": [0.5830391345982346, 0.25244805577350493, 0.20154839348727843, 0.22830667324817433, 0.1891370626524223, 0.10974609169418977, 0.1805845479279125], "val_accuracy": [0.773069036226931, 0.9056732740943267, 0.9295967190704033, 0.9193438140806562, 0.9412166780587833, 0.9576213260423787, 0.9419002050580998]}